{
    "strategyName": "testsample13",
    "strategyNumber": 13,
    "writerName": 1,
    "strategyDescription": "testsample",
    "strategyStar": 5,
    "investment": 70000000,
    "investment_Start": 20160203,
    "investment_End": 20190101,
    "maxStockNumber": 0,
    "userMarketCap": 0,
    "userROE": 4,
    "userROA": 3,
    "userSalesPerProfit": 5,
    "userSalesPerMargin": 0,
    "userSalesIncrese": 0,
    "userMarginIncrease": 5,
    "userProfitIncrease": 0,
    "userDebtRatio": 5,
    "userCurrentRatio": 0,
    "userOperatingActivityCashFlow": "0",
    "userInvestmentActivityCashFlow": "0",
    "userFinancialActivityCashFlow": "0",
    "userEPS_Start": 0,
    "userEPS_End": 0,
    "userBPS_Start": 0,
    "userBPS_End": 0,
    "userCFPS_Start": 0,
    "userCFPS_End": 0,
    "userSPS_Start": 0,
    "userSPS_End": 0,
    "userDPS_Start": 0,
    "userDPS_End": 0,
    "userPER_Start": 0,
    "userPER_End": 0,
    "userPBR_Start": 0,
    "userPBR_End": 0,
    "userPCR_Start": 0,
    "userPCR_End": 0,
    "userPSR_Start": 0,
    "userPSR_End": 0,
    "userMarketDiviend_Start": 0,
    "userMarketDiviend_End": 0,
    "purchaseCondition": 8,
    "targetPrice": 1,
    "sellPrice": 7,
    "revalancingPeriod": 1,
    "strategyOpenedInPlatform": "1"
}